{"loss":2.5060529708862305,"_timestamp":1.7326512165331473e+09,"_runtime":71.452767108,"_step":832,"episode":832,"episode reward":-19.926210584785935,"_wandb":{"runtime":71},"mean_rewards":9.679936199161292}