{"_wandb":{"runtime":646},"loss":6.218156337738037,"_runtime":646.120692463,"_timestamp":1.7324613808718956e+09,"epsilon":0.10323919533609638,"mean_rewards":202.3020560986064,"_step":452,"episode":452,"episode reward":256.91685892940234}