{"epsilon":0.08116195258881968,"_wandb":{"runtime":683},"_step":500,"_timestamp":1.7324454127487428e+09,"episode reward":234.7621518105181,"loss":13.140390396118164,"mean_rewards":200.7163820139494,"_runtime":683.478916525,"episode":500}