{"mean_rewards":-7.699155500669449,"episode reward":-124.82690386695161,"loss":NaN,"_wandb":{"runtime":121},"_step":500,"_runtime":121.872490099,"episode":500,"epsilon":0.08198177029173696,"_timestamp":1.7323236976209438e+09}