{"_runtime":685.869327325,"mean_rewards":200.1848810695237,"_timestamp":1.7322360446681008e+09,"_step":491,"epsilon":0.08490724705700294,"_wandb":{"runtime":685},"episode":491,"episode reward":264.25049461598064,"loss":NaN}