{"loss":-0.24301886558532715,"episode reward":-229.24400937673184,"mean_rewards":-132.26495208002945,"_timestamp":1.7325511822057817e+09,"_runtime":53.141781764,"_wandb":{"runtime":53},"_step":999,"episode":999}