{"trajectory":999,"average_score":350.94,"loss":13.409865379333496,"_wandb":{"runtime":75},"_timestamp":1.7322372518230479e+09,"_runtime":75.39131663,"_step":999}