{"mean_rewards":145.2475501433141,"_wandb":{"runtime":3474},"loss":91.76282501220703,"_timestamp":1.7325609117645154e+09,"_runtime":3474.867320954,"_step":7999,"episode":7999,"episode reward":150.41018182457938}