{"_step":1999,"episode":1999,"loss":2.6727213859558105,"episode reward":-166.05615861971114,"mean_rewards":-151.07786094330157,"_timestamp":1.7325514098685744e+09,"_runtime":85.193935117,"_wandb":{"runtime":85}}