{"episode":500,"_wandb":{"runtime":160},"_runtime":160.094291915,"loss":NaN,"_timestamp":1.7323945075097818e+09,"mean_rewards":-75.45286101293415,"episode reward":-101.22687513117782,"epsilon":0.08198177029173696,"_step":500}