{"loss":24.030803680419922,"epsilon":0.026036082493920133,"mean_rewards":200.74628691597943,"_timestamp":1.732469897514179e+09,"_wandb":{"runtime":493},"episode":363,"episode reward":259.29810694311857,"_runtime":493.035424863,"_step":363}