{"episode":1999,"loss":0.17779302597045898,"episode reward":-371.64641536037493,"mean_rewards":-171.14307493221116,"_timestamp":1.7325485591067042e+09,"_runtime":71.650893548,"_wandb":{"runtime":71},"_step":1999}