{"_step":1999,"_wandb":{"runtime":284},"episode":1999,"loss":-49.179969787597656,"episode reward":3.0951342052330215,"mean_rewards":-2.0856634368855125,"_timestamp":1.7325505439678907e+09,"_runtime":284.968261179}