{"_timestamp":1.7323229880672247e+09,"_runtime":202.452359269,"episode":500,"episode reward":-23.630477967276107,"loss":NaN,"_step":500,"epsilon":0.01,"mean_rewards":-117.23296589799337,"_wandb":{"runtime":202}}