{"loss":NaN,"_timestamp":1.7324132664438648e+09,"epsilon":0.6629513422658584,"_step":81,"mean_rewards":-121.78723453983154,"_runtime":95.517057828,"episode reward":-142.83210710860146,"_wandb":{"runtime":95},"episode":81}