{"episode reward":-45.90134914845236,"mean_rewards":17.063803804074848,"_timestamp":1.7324603853504033e+09,"_wandb":{"runtime":71},"_runtime":71.511059491,"_step":999,"episode":999,"loss":-41.21711349487305}