{"epsilon":0.08198177029173696,"loss":NaN,"_timestamp":1.732322467470363e+09,"_step":500,"_runtime":92.808902969,"episode":500,"mean_rewards":-146.55723730903242,"episode reward":-129.60273964264786,"_wandb":{"runtime":92}}