{"_wandb":{"runtime":384},"mean_rewards":140.69493220286674,"loss":15.592164039611816,"_timestamp":1.7326509386236155e+09,"_runtime":384.696694945,"_step":4095,"episode":4095,"episode reward":17.19806724537402}