{"episode":999,"_wandb":{"runtime":43},"loss":-4.606845855712891,"episode reward":-148.01634598057947,"mean_rewards":-106.80542427542548,"_timestamp":1.732549749718057e+09,"_runtime":43.813367283,"_step":999}