{"_timestamp":1.7323212869555137e+09,"episode reward":-124.29660561751047,"mean_rewards":-115.59066424514394,"loss":NaN,"_runtime":287.703182568,"_step":500,"_wandb":{"runtime":287},"episode":500,"epsilon":0.01}