{"episode":631,"mean_rewards":197.09159694945112,"loss":20.433082580566406,"_runtime":1636.383513931,"episode reward":251.65946468131517,"epsilon":0.04208972269150646,"_timestamp":1.7325314875044367e+09,"_step":631,"_wandb":{"runtime":1636}}