{"loss":25.875478744506836,"_timestamp":1.732450920504559e+09,"_step":900,"episode":900,"mean_rewards":-118.31999774264216,"episode reward":-78.36334464289088,"epsilon":0.4067934159611651,"_runtime":117.529056974,"_wandb":{"runtime":117}}