{"_runtime":332.455495141,"mean_rewards":-110.57469072885058,"loss":NaN,"episode reward":-114.99273321971913,"epsilon":0.01,"_timestamp":1.7323203236856143e+09,"_wandb":{"runtime":332},"_step":500,"episode":500}