{"_step":89,"episode":89,"_wandb":{"runtime":6},"episode reward":-129.4117287683366,"mean_rewards":-147.72581855548236,"loss":-2.0891032218933105,"_timestamp":1.7326505161082706e+09,"_runtime":6.420330413}