{"loss":NaN,"_timestamp":1.7323244169368515e+09,"_step":500,"_wandb":{"runtime":140},"_runtime":140.955495413,"episode":500,"episode reward":-27.745658181083275,"mean_rewards":12.67229498989024,"epsilon":0.08198177029173696}