{"_step":500,"episode reward":-61.61270940528693,"_wandb":{"runtime":638},"_runtime":638.457403135,"mean_rewards":-112.95059068236883,"loss":1.7744745016098022,"episode":500,"_timestamp":1.7324733618869736e+09,"epsilon":0.01}