{"_timestamp":1.7317547653079991e+09,"_runtime":28.568276768,"_wandb":{"runtime":28},"_step":9527,"epsilon":0.62103868199167,"reward_100":-100,"reward":-100}