{"mean_rewards":90.83763013164138,"episode":500,"loss":34.77500534057617,"_timestamp":1.7325030860940692e+09,"_step":500,"episode reward":175.23595054211944,"_runtime":9727.842439877,"epsilon":0.08116195258881968,"_wandb":{"runtime":9727}}