{"epsilon":0.011039504743095268,"_timestamp":1.7324503722453635e+09,"_runtime":414.285570907,"episode reward":-117.50047844784199,"_step":900,"_wandb":{"runtime":414},"loss":0.870084822177887,"episode":900,"mean_rewards":-102.02894398246896}