{"mean_rewards":-47.67905692974787,"loss":NaN,"_timestamp":1.7323221470774057e+09,"_step":500,"episode reward":-38.49201098530271,"epsilon":0.01,"_runtime":288.361895125,"_wandb":{"runtime":288},"episode":500}