{"episode":500,"_timestamp":1.7324473274938312e+09,"_runtime":194.941288295,"_step":500,"episode reward":-85.50341035740114,"_wandb":{"runtime":194},"epsilon":0.01,"loss":20.391040802001953,"mean_rewards":-34.373252954645444}