{"epsilon":0.6009160714840575,"_runtime":144.514532033,"episode reward":-36.21248271992816,"_timestamp":1.7324684858158944e+09,"_wandb":{"runtime":144},"episode":500,"loss":18.81329917907715,"_step":500,"mean_rewards":-88.71097789150042}