{"_runtime":772.385685171,"_wandb":{"runtime":772},"_timestamp":1.7325392000599656e+09,"mean_rewards":-91.68220513217662,"epsilon":0.08116195258881968,"episode":500,"loss":5.977315425872803,"_step":500,"episode reward":-57.27776710324469}