{"mean_rewards":-90.96107683550723,"epsilon":0.05588571986991978,"_timestamp":1.7325037137394009e+09,"_step":287,"_runtime":582.00238356,"loss":6.301285266876221,"episode":287,"_wandb":{"runtime":582},"episode reward":-113.90822203503477}