{"_runtime":544.267500069,"episode":500,"_timestamp":1.7325415746850934e+09,"mean_rewards":-139.32062721572797,"loss":6.1180644035339355,"_step":500,"epsilon":0.08116195258881968,"_wandb":{"runtime":544},"episode reward":-132.9212094068586}