{"_runtime":221.708034021,"loss":NaN,"episode reward":-108.04958854185885,"epsilon":0.01,"_step":500,"_wandb":{"runtime":221},"mean_rewards":-154.69575399661716,"episode":500,"_timestamp":1.7323223717864842e+09}