{"_runtime":356.934528181,"loss":NaN,"_timestamp":1.7324096077869954e+09,"epsilon":0.01,"_step":619,"mean_rewards":-210.03427832027978,"_wandb":{"runtime":356},"episode":619,"episode reward":-205.2239429704315}