{"_wandb":{"runtime":2743},"_timestamp":1.7324650163408644e+09,"loss":0.5593029856681824,"_step":1459,"episode":1459,"epsilon":0.01,"episode reward":-126.06804033387549,"mean_rewards":-121.09204699003068,"_runtime":2743.589530273}