{"loss":16.33269691467285,"_wandb":{"runtime":1110},"episode reward":121.21088667773304,"mean_rewards":164.25919473945322,"_runtime":1110.153267911,"episode":500,"_timestamp":1.7325081470085042e+09,"epsilon":0.08116195258881968,"_step":500}