{"epsilon":0.08198177029173696,"loss":NaN,"_timestamp":1.732393842902548e+09,"mean_rewards":158.33349515532908,"_wandb":{"runtime":274},"episode reward":278.2747499963072,"_step":500,"episode":500,"_runtime":274.770041762}