{"_step":328,"epsilon":0.01,"_wandb":{"runtime":676},"_runtime":676.648601836,"episode":328,"episode reward":252.32952250388976,"loss":NaN,"_timestamp":1.732139429426895e+09,"mean_rewards":200.20004599699666}