{"_timestamp":1.7324666599886768e+09,"_wandb":{"runtime":611},"episode reward":-87.26986701076697,"mean_rewards":-9.625163765745494,"_runtime":611.291375964,"_step":500,"episode":500,"epsilon":0.01,"loss":2.1068568229675293}