{"_wandb":{"runtime":42},"loss":-16.17635154724121,"episode reward":14.66886432951175,"mean_rewards":26.10499626058221,"_timestamp":1.7324601927904656e+09,"_runtime":42.712486887,"_step":999,"episode":999}