{"_step":500,"mean_rewards":-119.66682132880636,"_timestamp":1.7324461144994504e+09,"_wandb":{"runtime":187},"_runtime":187.300333049,"loss":6.273415565490723,"epsilon":0.08198177029173696,"episode reward":-9.535523610008596,"episode":500}