{"epsilon":0.011039504743095268,"_timestamp":1.732453476092503e+09,"_wandb":{"runtime":651},"_step":900,"episode reward":-28.901677000188926,"mean_rewards":-78.323659357832,"loss":6.875723361968994,"episode":900,"_runtime":651.88027245}