{"mean_rewards":-63.587266288370955,"_wandb":{"runtime":132},"loss":NaN,"_runtime":132.319485685,"epsilon":0.08198177029173696,"_timestamp":1.7323242735004506e+09,"episode":500,"episode reward":-115.92896075538486,"_step":500}