{"epsilon":0.08198177029173696,"mean_rewards":-112.44113475492219,"_runtime":160.425810547,"_step":500,"episode":500,"_wandb":{"runtime":160},"loss":NaN,"_timestamp":1.7323226303785267e+09,"episode reward":-116.37455623859316}