{"_step":900,"epsilon":0.01,"mean_rewards":-3.2969267940553606,"loss":2.289626121520996,"_runtime":698.281492888,"episode reward":-234.45523459552663,"episode":900,"_wandb":{"runtime":698},"_timestamp":1.7324528223792393e+09}