{"epsilon":0.08198177029173696,"_step":500,"episode":500,"episode reward":-122.71990597991365,"loss":NaN,"_timestamp":1.732321855534944e+09,"_runtime":314.139171831,"_wandb":{"runtime":314},"mean_rewards":-80.11481553970705}