{"_runtime":834.070265019,"mean_rewards":200.02297749613328,"loss":NaN,"_timestamp":1.7322353539001265e+09,"episode reward":201.50345830869213,"_step":479,"episode":479,"_wandb":{"runtime":834},"epsilon":0.090171187904037}