{"_wandb":{"runtime":161},"mean_rewards":155.40618572878392,"epsilon":0.01,"episode reward":207.53401446932315,"_step":500,"episode":500,"_timestamp":1.7323943449586957e+09,"loss":NaN,"_runtime":161.944183429}