{"episode":500,"mean_rewards":168.92863363244902,"_timestamp":1.7324754795261931e+09,"_runtime":762.06444812,"loss":21.34505844116211,"_step":500,"_wandb":{"runtime":762},"episode reward":126.96708358850486,"epsilon":0.08116195258881968}