{"_step":435,"episode":435,"epsilon":0.01,"_timestamp":1.7325357046117847e+09,"episode reward":-53.36183960515736,"_runtime":871.362480028,"mean_rewards":-102.06731725574363,"_wandb":{"runtime":871},"loss":2.476074695587158}