{"episode reward":21.146838830906987,"epsilon":0.01,"loss":46.458648681640625,"_runtime":385.822725905,"mean_rewards":49.627875047870894,"_timestamp":1.732541028496831e+09,"_step":500,"_wandb":{"runtime":385},"episode":500}