{"_step":999,"_wandb":{"runtime":64},"episode":999,"loss":13.14482307434082,"episode reward":-44.27569813056952,"mean_rewards":13.159666634573574,"_timestamp":1.7325481503031318e+09,"_runtime":64.571956619}