{"_wandb":{"runtime":115},"_step":1999,"episode":1999,"loss":12.372543334960938,"episode reward":43.8520658543681,"mean_rewards":22.615069102035854,"_timestamp":1.7324603116425576e+09,"_runtime":115.172357535}