{"_runtime":582.149991633,"mean_rewards":116.90107203161384,"loss":17.565635681152344,"_timestamp":1.732468338964603e+09,"episode":500,"epsilon":0.08116195258881968,"_wandb":{"runtime":582},"episode reward":255.35592430828578,"_step":500}