{"_timestamp":1.7325484852054608e+09,"_runtime":38.179585087,"_wandb":{"runtime":38},"_step":999,"episode":999,"loss":-2.04107403755188,"episode reward":-119.75898291935636,"mean_rewards":-158.60304318543788}