{"_timestamp":1.7323930659295928e+09,"episode reward":-124.63846083650549,"_wandb":{"runtime":68648},"_step":500,"mean_rewards":-110.22686553562556,"loss":NaN,"epsilon":0.01,"episode":500,"_runtime":68648.318212425}