{"epsilon":0.01,"_wandb":{"runtime":150},"_timestamp":1.7323227834220817e+09,"episode reward":-215.31507032975242,"_runtime":150.496024168,"_step":500,"loss":NaN,"episode":500,"mean_rewards":-104.72096208582708}