{"_runtime":11641.176965059,"episode":800,"mean_rewards":202.34675474758552,"epsilon":0.018223908064988973,"loss":NaN,"_step":800,"_wandb":{"runtime":11641},"episode reward":192.4016510275884,"_timestamp":1.7322495540265124e+09}