{"episode reward":159.3106664772769,"mean_rewards":150.02860272685174,"_wandb":{"runtime":20},"loss":40.86563491821289,"_timestamp":1.732652771334997e+09,"_runtime":20.317670974,"_step":116,"episode":116}