{"_timestamp":1.732505959414658e+09,"mean_rewards":200.05431704065217,"loss":9.51943302154541,"_wandb":{"runtime":783},"episode reward":238.134298293927,"episode":447,"epsilon":0.011192625819338045,"_step":447,"_runtime":783.442971734}