{"_runtime":157.908246994,"_wandb":{"runtime":157},"_step":1999,"episode":1999,"loss":-25.020042419433594,"episode reward":1.7327680116601345,"mean_rewards":24.265576651359908,"_timestamp":1.7325475466793134e+09}