{"_timestamp":1.7322345039635162e+09,"epsilon":0.01,"mean_rewards":-27.321440147644157,"loss":NaN,"_runtime":16993.595101462,"episode":1659,"_wandb":{"runtime":16993},"_step":1659,"episode reward":245.706181593915}