{"_runtime":1517.576446314,"episode reward":-97.21632248453406,"_wandb":{"runtime":1517},"episode":500,"epsilon":0.01,"loss":2.3750076293945312,"_step":500,"mean_rewards":-119.88709606031846,"_timestamp":1.7325096704476316e+09}