{"_timestamp":1.732447130161176e+09,"_step":500,"mean_rewards":-53.58557885026328,"episode":500,"_wandb":{"runtime":193},"epsilon":0.08198177029173696,"loss":0.9524086117744446,"_runtime":193.69427501,"episode reward":-89.38418104841547}