{"_step":500,"episode reward":-69.47049261667513,"_wandb":{"runtime":868},"_runtime":868.827318817,"loss":7.19982385635376,"_timestamp":1.7325406401237936e+09,"epsilon":0.01,"episode":500,"mean_rewards":-129.52003600595629}