{"_wandb":{"runtime":636},"episode":7999,"episode reward":34.22327629005493,"mean_rewards":45.043708888933196,"loss":-40.595706939697266,"_timestamp":1.7325550323427472e+09,"_runtime":636.189167532,"_step":7999}