{"_wandb":{"runtime":142},"_step":500,"episode":500,"mean_rewards":-73.46549282013389,"loss":20.345684051513672,"epsilon":0.6009160714840575,"_timestamp":1.7324686293053625e+09,"episode reward":-49.49093119969522,"_runtime":142.752665674}