{"_runtime":935.275937366,"_step":170177,"epsilon":0.02,"reward_100":-99.09707015707993,"reward":-110.0879261963702,"_wandb":{"runtime":935},"_timestamp":1.7317703883058627e+09}