{"_step":519,"episode reward":277.4084690225899,"_timestamp":1.7322154183133273e+09,"loss":NaN,"_wandb":{"runtime":793},"episode":519,"mean_rewards":200.34508104844335,"epsilon":0.07378889739838983,"_runtime":793.721432541}