{"epsilon":0.01,"_wandb":{"runtime":661},"_step":900,"loss":NaN,"_runtime":661.83518496,"episode reward":-220.26804348217337,"_timestamp":1.7324086116573594e+09,"episode":900,"mean_rewards":-72.17388739475251}