{"_timestamp":1.7324606336529415e+09,"_runtime":40.2815675,"_step":999,"_wandb":{"runtime":40},"episode":999,"loss":-14.892411231994629,"episode reward":56.197214964394426,"mean_rewards":48.78485347298008}