{"episode reward":-0.8143995325031028,"mean_rewards":66.40934494810966,"_timestamp":1.7325508085918632e+09,"_runtime":174.736077072,"_step":1999,"episode":1999,"loss":-1.9654555320739746,"_wandb":{"runtime":174}}