{"_runtime":112.943807704,"_step":500,"mean_rewards":-28.36275083409224,"loss":NaN,"epsilon":0.08198177029173696,"_wandb":{"runtime":112},"episode reward":-244.5439569378032,"_timestamp":1.7323231035080485e+09,"episode":500}