{"_step":999,"_wandb":{"runtime":32},"episode":999,"loss":-0.3674020767211914,"episode reward":-39.49113436870532,"mean_rewards":-130.86947654719867,"_timestamp":1.7325485937157774e+09,"_runtime":32.208627512}