{"_timestamp":1.732446534721483e+09,"_runtime":176.085557854,"_step":500,"loss":16.460115432739258,"episode reward":-1.2216993449632554,"_wandb":{"runtime":176},"episode":500,"epsilon":0.01,"mean_rewards":-88.4091757863873}