{"episode":900,"_runtime":486.184192863,"episode reward":-239.94106880149326,"_timestamp":1.732461929499083e+09,"loss":0.9017077088356018,"_step":900,"_wandb":{"runtime":486},"mean_rewards":-80.9174164733127,"epsilon":0.01}