{"_wandb":{"runtime":160},"_runtime":160.875129321,"mean_rewards":-28.840667737818535,"loss":NaN,"epsilon":0.08198177029173696,"_timestamp":1.7323232668142889e+09,"episode reward":-69.56481457927973,"episode":500,"_step":500}