{"_timestamp":1.7324510497282503e+09,"mean_rewards":-67.62211904111713,"_runtime":128.317846516,"episode":900,"loss":3.6743667125701904,"epsilon":0.4067934159611651,"_step":900,"_wandb":{"runtime":128},"episode reward":-108.68910236220637}