{"_wandb":{"runtime":103},"_runtime":103.625250204,"_step":999,"episode":999,"episode reward":193.9488673395816,"mean_rewards":60.558181337790145,"loss":-106.46837615966797,"_timestamp":1.732411480314577e+09}