{"episode reward":-34.99724684943925,"_wandb":{"runtime":1201},"episode":500,"epsilon":0.08116195258881968,"mean_rewards":-93.17512578460925,"_timestamp":1.7325118243244054e+09,"_step":500,"loss":0.7660924196243286,"_runtime":1201.539526035}