{"_runtime":213.156703199,"_step":1999,"episode":1999,"loss":-1.815342903137207,"episode reward":29.140358998422442,"mean_rewards":89.44690263475924,"_timestamp":1.7325511268131254e+09,"_wandb":{"runtime":213}}