{"loss":NaN,"episode":371,"episode reward":266.5430711150866,"epsilon":0.024267330287830756,"mean_rewards":201.40943955030016,"_timestamp":1.7323241387577016e+09,"_wandb":{"runtime":95},"_runtime":95.62210553,"_step":371}