{"_wandb":{"runtime":635},"_runtime":635.632387823,"_timestamp":1.7324092501584904e+09,"_step":900,"episode":900,"mean_rewards":-155.63166458643943,"episode reward":-67.91989356713768,"epsilon":0.01,"loss":NaN}