{"loss":NaN,"mean_rewards":-93.21807390829026,"_wandb":{"runtime":248},"episode":500,"episode reward":-205.5271660008347,"epsilon":0.01,"_timestamp":1.732319985443627e+09,"_step":500,"_runtime":248.507846104}