{"episode reward":65.79989982036314,"mean_rewards":17.758156454375747,"_wandb":{"runtime":106},"_timestamp":1.732547655849441e+09,"_runtime":106.778565016,"_step":999,"episode":999,"loss":-37.84769821166992}