{"epsilon":0.011039504743095268,"episode":900,"episode reward":-50.42496979447942,"_timestamp":1.7324508007483306e+09,"mean_rewards":-71.5448429652091,"loss":1.9215354919433594,"_step":900,"_runtime":426.202534431,"_wandb":{"runtime":426}}