{"_step":464,"epsilon":0.0972123808959566,"loss":6.035740852355957,"_timestamp":1.7325467994830663e+09,"_runtime":766.852884352,"_wandb":{"runtime":766},"episode":464,"episode reward":253.62360550591524,"mean_rewards":200.3204087743956}