{"loss":NaN,"_runtime":249.008684227,"episode":500,"_wandb":{"runtime":249},"epsilon":0.08198177029173696,"_timestamp":1.732393563096555e+09,"mean_rewards":-70.9799918236746,"episode reward":-165.58676689124366,"_step":500}