{"_runtime":1079.908379945,"mean_rewards":-83.44741969538634,"episode":500,"_wandb":{"runtime":1079},"_timestamp":1.7325051714245257e+09,"episode reward":-77.79504114159519,"epsilon":0.01,"loss":0.5946659445762634,"_step":500}