{"_runtime":175.917922529,"_step":1999,"episode":1999,"loss":5.590733051300049,"episode reward":38.59939857350159,"mean_rewards":107.56609976204676,"_timestamp":1.732548328469532e+09,"_wandb":{"runtime":175}}