{"_runtime":250.348524631,"episode reward":-73.98386105600736,"loss":NaN,"_wandb":{"runtime":250},"episode":500,"epsilon":0.08198177029173696,"mean_rewards":-35.350401873983444,"_timestamp":1.73232153886177e+09,"_step":500}