{"_wandb":{"runtime":2},"loss":14.341791152954102,"_timestamp":1.7326511081645706e+09,"_runtime":2.458924983,"_step":1,"episode":1,"episode reward":-13.331387124548414,"mean_rewards":-14.063555398450312}