{"mean_rewards":200.8224768678877,"episode reward":261.87364749361467,"episode":442,"_wandb":{"runtime":137},"epsilon":0.011888329059788623,"loss":NaN,"_runtime":137.137835614,"_step":442,"_timestamp":1.7323235731811016e+09}