{"_wandb":{"runtime":551},"episode reward":270.8308522268337,"episode":421,"mean_rewards":201.81864510392114,"epsilon":0.01,"_timestamp":1.7320939773944159e+09,"_step":421,"_runtime":551.103050737,"loss":NaN}