{"mean_rewards":-73.85568139897796,"_timestamp":1.732507037526919e+09,"_wandb":{"runtime":1076},"episode":500,"_runtime":1076.071213469,"_step":500,"episode reward":-90.1608415934026,"loss":0.6466638445854187,"epsilon":0.08116195258881968}