{"epsilon":0.01,"episode reward":-100.40909811542156,"_timestamp":1.7324694023545992e+09,"_step":500,"_runtime":768.981238986,"_wandb":{"runtime":768},"loss":0.7355738282203674,"episode":500,"mean_rewards":-73.77536384873784}