{"loss":NaN,"mean_rewards":201.28250501880947,"_timestamp":1.7322163072781167e+09,"episode":702,"epsilon":0.029485927771078575,"_step":702,"episode reward":279.5485575627081,"_wandb":{"runtime":786},"_runtime":786.114498986}