{"_step":412,"episode":412,"mean_rewards":-39.07232950303016,"epsilon":0.01,"loss":NaN,"_timestamp":1.7320545775884237e+09,"_wandb":{"runtime":1114},"_runtime":1114.770584545}