{"epsilon":0.17398982847626407,"_runtime":195.048130168,"_wandb":{"runtime":195},"mean_rewards":-104.73551734528768,"_step":174,"episode":174,"_timestamp":1.7324767400904458e+09,"episode reward":-79.16265081059933,"loss":3.461228609085083}