{"mean_rewards":145.74845566662063,"loss":-36.52861404418945,"_wandb":{"runtime":684},"_timestamp":1.7326527309192836e+09,"_runtime":684.172926939,"_step":5074,"episode":5074,"episode reward":224.24939386105981}