{"_timestamp":1.7324658981021588e+09,"epsilon":0.01,"loss":3.305253505706787,"_step":633,"episode reward":-63.793903980594905,"_wandb":{"runtime":846},"_runtime":846.652302828,"mean_rewards":-92.31013473389972,"episode":633}