{"episode reward":277.19677906952387,"_runtime":1661.062966803,"_timestamp":1.73206351108662e+09,"_step":701,"episode":701,"_wandb":{"runtime":1661},"loss":NaN,"mean_rewards":200.26979521498376,"epsilon":0.01}