{"epsilon":0.01,"loss":2.7569644451141357,"episode":730,"_runtime":584.532801704,"_step":730,"_timestamp":1.7324541799916396e+09,"episode reward":19.81263256443185,"mean_rewards":-99.94007539584705,"_wandb":{"runtime":584}}