{"_runtime":404.241673535,"episode reward":-173.82699826534494,"episode":900,"_step":900,"_timestamp":1.7324486077713761e+09,"_wandb":{"runtime":404},"mean_rewards":-48.27671906992772,"epsilon":0.01,"loss":2.834796905517578}