{"epsilon":0.08116195258881968,"episode reward":250.46143042609836,"_step":500,"_timestamp":1.732467753972124e+09,"_runtime":456.405626901,"episode":500,"mean_rewards":7.433919579974071,"loss":8.749216079711914,"_wandb":{"runtime":456}}