{"_step":500,"episode reward":-16.873843301509826,"_runtime":2104.979439392,"_timestamp":1.732472005071033e+09,"mean_rewards":-43.87668662881554,"loss":4.776787281036377,"_wandb":{"runtime":2104},"episode":500,"epsilon":0.08116195258881968}