{"episode reward":-151.2470103583654,"_runtime":119.514718105,"_step":314,"episode":314,"_wandb":{"runtime":119},"_timestamp":1.7324474481073945e+09,"epsilon":0.04303441553421869,"loss":1.4757345914840698,"mean_rewards":-174.0807704349111}