{"episode":436,"_timestamp":1.7325343109173315e+09,"mean_rewards":200.6400843188742,"_runtime":743.798957962,"epsilon":0.11186012981287036,"episode reward":261.37073639794085,"_step":436,"_wandb":{"runtime":743},"loss":6.636781215667725}