{"_step":423,"loss":9.10806655883789,"_wandb":{"runtime":947},"episode reward":250.26872927560456,"episode":423,"_runtime":947.344720837,"mean_rewards":200.7922167120978,"_timestamp":1.732510620374962e+09,"epsilon":0.01424581547838222}