{"episode reward":-102.56099047597021,"_step":711,"epsilon":0.028185291064577758,"_runtime":15848.499094218,"mean_rewards":-60.4915508520092,"_timestamp":1.7324932818719332e+09,"_wandb":{"runtime":15848},"episode":711,"loss":0.7257707118988037}