{"mean_rewards":56.74742967188007,"loss":-112.77474212646484,"_timestamp":1.7324113387358298e+09,"_runtime":78.88371349,"_wandb":{"runtime":78},"_step":727,"trajectory":727,"episode reward":177.49323319519837}