{"_wandb":{"runtime":30},"_runtime":30.762061439,"epsilon":0.09227446944279201,"_step":9,"mean_rewards":-387.5836564401649,"episode reward":-254.7340765473769,"episode":9,"loss":NaN,"_timestamp":1.7320651112846963e+09}