{"loss":20.24886131286621,"episode":253,"_step":253,"mean_rewards":-104.94277119842077,"epsilon":0.27993135253585166,"_runtime":384.434228954,"episode reward":-65.76767321139761,"_wandb":{"runtime":384},"_timestamp":1.7325334893158855e+09}