{"loss":4.246276378631592,"episode reward":-66.59535881967408,"_step":500,"_timestamp":1.732537421404332e+09,"episode":500,"mean_rewards":-89.56440676674634,"_wandb":{"runtime":1302},"_runtime":1302.758964754,"epsilon":0.01}