{"_runtime":39.660015485,"_step":999,"_wandb":{"runtime":39},"episode":999,"loss":2.647280693054199,"episode reward":-183.34738078424868,"mean_rewards":-136.44453599746504,"_timestamp":1.7325515848967092e+09}