{"_step":500,"_wandb":{"runtime":100},"episode reward":-40.668756637617925,"_runtime":100.474428636,"mean_rewards":-218.31540297826265,"loss":NaN,"epsilon":0.01,"_timestamp":1.7324067253988647e+09,"episode":500}