{"_step":999,"episode":999,"loss":-4.841981887817383,"episode reward":70.58591407890036,"_wandb":{"runtime":85},"mean_rewards":47.31231388192573,"_timestamp":1.7325506315502212e+09,"_runtime":85.321091223}