{"episode reward":-137.50311490877084,"mean_rewards":-146.05142859501342,"_step":900,"_wandb":{"runtime":500},"episode":900,"epsilon":0.01,"_runtime":500.38100622,"loss":0.9850549101829529,"_timestamp":1.7324491120926197e+09}