{"episode reward":139.84978232412814,"mean_rewards":150.36664915954054,"loss":1.214970588684082,"_timestamp":1.7326559639064896e+09,"_runtime":145.2031755,"_step":3766,"_wandb":{"runtime":145},"episode":3766}