{"loss":13.640634536743164,"mean_rewards":-51.805559128002386,"_runtime":172.466094688,"_timestamp":1.7324456524124925e+09,"_wandb":{"runtime":172},"_step":500,"episode reward":174.948781253763,"episode":500,"epsilon":0.01}