{"_wandb":{"runtime":252},"_runtime":252.93644309,"loss":NaN,"episode reward":-232.3256588002494,"epsilon":0.08198177029173696,"episode":500,"mean_rewards":-66.31376267379227,"_step":500,"_timestamp":1.7323207566740844e+09}