{"_timestamp":1.7323234334711294e+09,"episode":500,"_wandb":{"runtime":164},"episode reward":-80.92632741405328,"_runtime":164.251000814,"mean_rewards":-108.33454546334393,"epsilon":0.01,"loss":NaN,"_step":500}