{"episode":900,"_step":900,"_wandb":{"runtime":299},"_runtime":299.133724566,"epsilon":0.011039504743095268,"mean_rewards":6.633612914117837,"episode reward":187.68644745457547,"loss":11.890130996704102,"_timestamp":1.7324499560277443e+09}