{"episode":500,"_wandb":{"runtime":153},"loss":7.8621697425842285,"_timestamp":1.7324758126081328e+09,"_step":500,"_runtime":153.914420807,"episode reward":-19.21923125028755,"mean_rewards":-67.15678826315153,"epsilon":0.6009160714840575}