{"_wandb":{"runtime":130},"episode":999,"loss":-89.88419342041016,"episode reward":36.331135612233666,"mean_rewards":15.309088412433322,"_timestamp":1.732550256670793e+09,"_runtime":130.020660655,"_step":999}