{"_step":999,"episode":999,"_wandb":{"runtime":96},"loss":-3.4671742916107178,"episode reward":49.682015036453244,"mean_rewards":30.178118494883556,"_timestamp":1.73254994354308e+09,"_runtime":96.272715678}