{"loss":-30.81729507446289,"episode reward":49.35210862200354,"mean_rewards":21.541607444100755,"_timestamp":1.7325473844040887e+09,"_wandb":{"runtime":89},"_runtime":89.896204505,"_step":999,"episode":999}