{"_timestamp":1.7324521221337166e+09,"mean_rewards":-189.74822222806463,"_wandb":{"runtime":398},"_step":900,"_runtime":398.225034693,"episode reward":-197.82972886743121,"loss":2.873793125152588,"epsilon":0.01,"episode":900}