{"_runtime":545.167897457,"epsilon":0.01,"loss":1.9960087537765503,"_timestamp":1.732451721953015e+09,"episode reward":-107.78621025965867,"mean_rewards":-133.0057685288834,"_wandb":{"runtime":545},"_step":900,"episode":900}