{"_timestamp":1.7325509115863028e+09,"_runtime":100.751098569,"_step":999,"episode":999,"loss":-56.52735137939453,"_wandb":{"runtime":100},"episode reward":189.75649898149084,"mean_rewards":43.48277557885089}