{"_wandb":{"runtime":74},"loss":0.1168515682220459,"episode reward":-57.631954608352075,"mean_rewards":-132.85456793593264,"_timestamp":1.7325484447121942e+09,"_runtime":74.055090698,"_step":1999,"episode":1999}