{"episode reward":-279.8527355113049,"_timestamp":1.732324040724482e+09,"mean_rewards":-93.29421783712621,"_step":500,"epsilon":0.01,"episode":500,"_wandb":{"runtime":195},"loss":NaN,"_runtime":195.092003334}