{"_wandb":{"runtime":20},"loss":9.317181587219238,"episode reward":-189.6842412651375,"mean_rewards":-135.77093552773096,"_timestamp":1.7324599967066844e+09,"_runtime":20.340920191,"_step":499,"episode":499}