{"loss":10.492037773132324,"mean_rewards":201.05664893492084,"_step":475,"episode reward":277.76569756310323,"_runtime":566.351237069,"epsilon":0.09199738187545739,"_timestamp":1.7325397670711682e+09,"_wandb":{"runtime":566},"episode":475}