{"episode":1999,"loss":-0.7424297332763672,"episode reward":-337.96970988566875,"mean_rewards":-151.44197168675666,"_timestamp":1.7325498450377302e+09,"_runtime":93.156206617,"_wandb":{"runtime":93},"_step":1999}