{"_timestamp":1.7325514524687557e+09,"_runtime":40.463468592,"_step":999,"_wandb":{"runtime":40},"episode":999,"loss":1.0055468082427979,"episode reward":-70.6997462255323,"mean_rewards":-133.7712412283908}