{"_runtime":638.752254625,"episode":500,"episode reward":37.933867726559065,"_wandb":{"runtime":638},"epsilon":0.08116195258881968,"mean_rewards":17.8409979699856,"_timestamp":1.7324747150238574e+09,"_step":500,"loss":8.834261894226074}