{"loss":1.071176528930664,"_step":500,"episode reward":-53.51753475795362,"_timestamp":1.7324463565791628e+09,"_wandb":{"runtime":239},"_runtime":239.297875855,"episode":500,"mean_rewards":-77.57501907403493,"epsilon":0.08198177029173696}