{"episode":500,"episode reward":-29.69301364466439,"mean_rewards":-82.80458298464288,"_wandb":{"runtime":108},"epsilon":0.6009160714840575,"_step":500,"loss":14.393823623657227,"_runtime":108.828820367,"_timestamp":1.7324727186917677e+09}