{"mean_rewards":-90.2827971126023,"_timestamp":1.7325515430838668e+09,"_wandb":{"runtime":88},"_runtime":88.557400457,"_step":1999,"episode":1999,"loss":-7.47216272354126,"episode reward":-54.09849729378639}