{"loss":NaN,"episode":500,"mean_rewards":-45.80971873460816,"_runtime":177.538268697,"_step":500,"epsilon":0.08198177029173696,"_timestamp":1.7323205036882873e+09,"_wandb":{"runtime":177},"episode reward":-99.06978032718908}