{"_timestamp":1.7320551733733995e+09,"mean_rewards":-168.08438481195685,"_step":56,"_wandb":{"runtime":193},"epsilon":0.05753547499769285,"loss":NaN,"episode reward":-194.37125303271836,"_runtime":193.982380106,"episode":56}