{"mean_rewards":-102.50476980762525,"_timestamp":1.732551277706487e+09,"_runtime":93.31889874,"_step":1999,"_wandb":{"runtime":93},"episode":1999,"loss":-4.688732624053955,"episode reward":-45.62546481840999}