{"_timestamp":1.732476544221556e+09,"episode reward":246.0839408355199,"loss":8.735116004943848,"_wandb":{"runtime":729},"mean_rewards":-14.665082515969944,"episode":500,"epsilon":0.01,"_step":500,"_runtime":729.914031658}