{"_timestamp":1.732548368120888e+09,"_runtime":37.011783526,"_step":999,"_wandb":{"runtime":37},"episode":999,"loss":2.2347538471221924,"episode reward":-113.59265697300908,"mean_rewards":-169.27064949966132}