{"_step":500,"episode reward":225.01068701012133,"loss":12.296110153198242,"_timestamp":1.7325127765804808e+09,"epsilon":0.08116195258881968,"mean_rewards":181.0623722840862,"_runtime":949.416353311,"_wandb":{"runtime":949},"episode":500}