{"_timestamp":1.7324672958903072e+09,"epsilon":0.01,"_runtime":633.637934468,"_wandb":{"runtime":633},"episode reward":228.5372762621938,"mean_rewards":94.69508148663427,"loss":21.17082977294922,"_step":500,"episode":500}