{"_timestamp":1.7324599743125854e+09,"_runtime":50.823747275,"_step":999,"episode":999,"loss":-13.002481460571289,"_wandb":{"runtime":50},"episode reward":-8.717692062736942,"mean_rewards":16.836681150568847}