{"epsilon":0.011769445769190737,"_timestamp":1.7324621579565158e+09,"mean_rewards":-106.97801533760438,"loss":1.208333969116211,"episode reward":-79.77943953146101,"_runtime":225.188417522,"_wandb":{"runtime":225},"episode":443,"_step":443}