{"episode reward":-86.77383561502202,"_step":500,"episode":500,"epsilon":0.6009160714840575,"mean_rewards":-76.57771223322344,"_wandb":{"runtime":174},"_timestamp":1.7324756540069785e+09,"loss":12.725268363952637,"_runtime":174.094253122}