{"epsilon":0.08198177029173696,"mean_rewards":-85.20925652085387,"_timestamp":1.7324469342759452e+09,"episode reward":-7.675045780841202,"_wandb":{"runtime":154},"_runtime":154.478880201,"loss":8.63485050201416,"_step":500,"episode":500}