{"loss":NaN,"episode reward":271.1707976225864,"epsilon":0.01,"_wandb":{"runtime":1801},"_timestamp":1.7320675302971e+09,"episode":824,"mean_rewards":169.6416460059785,"_runtime":1801.031889165,"_step":824}