{"reward_100":19.25159379973855,"reward":100,"_timestamp":1.7317688228113227e+09,"_runtime":1173.347454621,"_step":159474,"_wandb":{"runtime":1173},"epsilon":0.02}