{"_step":500,"episode reward":-135.16873006339762,"_runtime":107.864358244,"epsilon":0.6009160714840575,"loss":16.785381317138672,"_wandb":{"runtime":107},"_timestamp":1.7324726103376522e+09,"episode":500,"mean_rewards":-83.69322397974051}