{"loss":NaN,"_wandb":{"runtime":143},"_timestamp":1.7323238432334728e+09,"epsilon":0.08198177029173696,"episode reward":238.74963284014066,"_runtime":143.122134914,"_step":500,"mean_rewards":98.77615744903409,"episode":500}