{"_runtime":272.904719496,"_step":1999,"episode":1999,"loss":-55.73520278930664,"episode reward":-20.71208745618329,"mean_rewards":2.325762851017587,"_timestamp":1.7325479310865798e+09,"_wandb":{"runtime":272}}