{"episode":500,"loss":NaN,"_timestamp":1.7324077858751166e+09,"_runtime":95.002859367,"_wandb":{"runtime":95},"mean_rewards":-318.95523092889493,"_step":500,"episode reward":-357.314080652201,"epsilon":0.01}