{"mean_rewards":-114.86075607143017,"_step":500,"loss":1.1236722469329834,"episode reward":-125.18151623783963,"_runtime":268.938723533,"_timestamp":1.7324459251558635e+09,"_wandb":{"runtime":268},"epsilon":0.01,"episode":500}