{"_wandb":{"runtime":48},"_runtime":48.559155489,"_step":999,"episode":999,"loss":-3.7583718299865723,"episode reward":78.50601297423808,"mean_rewards":55.051842888642256,"_timestamp":1.7325479821850207e+09}