{"mean_rewards":-61.3106122326675,"_timestamp":1.7324599196496234e+09,"_runtime":25.953252837,"_step":499,"episode":499,"loss":-27.606157302856445,"_wandb":{"runtime":25},"episode reward":36.91230151522052}