{"reward_100":-100,"reward":-100,"_timestamp":1.7317554329451473e+09,"_runtime":98.494431881,"_step":52763,"_wandb":{"runtime":98},"epsilon":0.07148869483722316}