{"_wandb":{"runtime":234},"epsilon":0.01,"episode reward":-246.10914811873943,"_timestamp":1.732320996486131e+09,"loss":NaN,"episode":500,"_step":500,"mean_rewards":-36.36322342597247,"_runtime":234.430653231}