{"episode reward":-144.73348820774152,"mean_rewards":-112.78158853163326,"_timestamp":1.7324467755727623e+09,"_runtime":240.138300447,"epsilon":0.01,"_wandb":{"runtime":240},"_step":500,"loss":3.5587899684906006,"episode":500}