{"_timestamp":1.7326539970595996e+09,"_runtime":1180.295470258,"_step":9999,"_wandb":{"runtime":1180},"episode":9999,"episode reward":251.1014779056886,"mean_rewards":137.10925590660946,"loss":-9.380539894104004}