{"_runtime":48.452808288,"mean_rewards":-254.80642554760968,"loss":NaN,"episode reward":-250.99168798502413,"epsilon":0.123629034136362,"_timestamp":1.7324078355126874e+09,"_wandb":{"runtime":48},"episode":209,"_step":209}