{"_wandb":{"runtime":42},"episode":999,"loss":0.7769515514373779,"episode reward":-95.64319189378821,"mean_rewards":-164.09149411205144,"_timestamp":1.7325513222268336e+09,"_runtime":42.192319803,"_step":999}