{"mean_rewards":201.70723135663192,"episode reward":266.67487112845635,"loss":NaN,"episode":758,"_step":758,"epsilon":0.01,"_wandb":{"runtime":1383},"_runtime":1383.880750801,"_timestamp":1.7321327141625357e+09}