{"episode":900,"_wandb":{"runtime":121},"loss":7.360774993896484,"_runtime":121.484590423,"_step":900,"epsilon":0.4067934159611651,"episode reward":-109.94629124803808,"_timestamp":1.7324511746260958e+09,"mean_rewards":-103.37303615180974}