{"_step":222,"episode":222,"episode reward":-44.761335795065705,"mean_rewards":32.147698273464236,"loss":-1.4620060920715332,"_timestamp":1.7326513451135528e+09,"_runtime":23.896829241,"_wandb":{"runtime":23}}