{"mean_rewards":-104.00077211045847,"_runtime":334.761982005,"episode":500,"_timestamp":1.7323941803223913e+09,"episode reward":-112.64899706923775,"_wandb":{"runtime":334},"epsilon":0.01,"_step":500,"loss":NaN}