{"epsilon":0.6273870389467644,"loss":NaN,"_step":92,"_timestamp":1.732413635340368e+09,"episode reward":-69.39750430080355,"_runtime":97.032581174,"episode":92,"mean_rewards":-138.51753509279456,"_wandb":{"runtime":97}}