{"episode reward":35.8486576742065,"mean_rewards":-5.428736851246422,"_timestamp":1.732460591169318e+09,"_runtime":203.758525064,"_step":1999,"episode":1999,"_wandb":{"runtime":203},"loss":-53.170570373535156}