{"loss":-65.62146759033203,"_timestamp":1.7326561563880355e+09,"_runtime":161.8819723,"_step":4134,"_wandb":{"runtime":161},"episode":4134,"episode reward":243.17456845911317,"mean_rewards":199.32963744047316}