{"_timestamp":1.7325486798621728e+09,"_runtime":1107.304900111,"_step":1999,"episode":1999,"loss":-4.789135932922363,"_wandb":{"runtime":1107},"episode reward":-210.0946185692555,"mean_rewards":-144.12285857580682}