{"episode reward":-283.1536670429999,"_step":4485,"_timestamp":1.732096207418258e+09,"_runtime":2224.852057708,"epsilon":0.01,"_wandb":{"runtime":2224},"mean_rewards":-284.38737122267867,"loss":NaN,"episode":4485}