{"episode":500,"_timestamp":1.7325418831250236e+09,"_step":500,"mean_rewards":79.728916652618,"episode reward":-64.2612089709385,"loss":36.365928649902344,"epsilon":0.08116195258881968,"_wandb":{"runtime":305},"_runtime":305.418691403}