{"_timestamp":1.7323933116000495e+09,"episode":500,"loss":NaN,"_runtime":240.906996204,"_wandb":{"runtime":240},"mean_rewards":123.25347170443638,"_step":500,"episode reward":174.3393651597775,"epsilon":0.01}