{"epsilon":0.8863848717161291,"episode reward":-199.10229816955595,"episode":13,"mean_rewards":-245.53092794072137,"loss":153.8675994873047,"_timestamp":1.732447492999359e+09,"_step":13,"_wandb":{"runtime":3},"_runtime":3.057093946}