{"_step":1999,"episode":1999,"loss":-6.221854209899902,"episode reward":20.301560967480675,"_wandb":{"runtime":178},"mean_rewards":19.91403633133086,"_timestamp":1.7325501243552449e+09,"_runtime":178.522850014}