{"episode":261,"episode reward":-56.559888279250714,"_wandb":{"runtime":375},"_timestamp":1.7324545784544127e+09,"_runtime":375.303411164,"epsilon":0.2689281030598559,"loss":11.891669273376465,"mean_rewards":-89.97855041010345,"_step":261}