{"episode":304,"_step":304,"_timestamp":1.7324535965982835e+09,"loss":3.8300280570983887,"epsilon":0.2189744609715989,"_wandb":{"runtime":122},"episode reward":-67.77173505428868,"_runtime":122.328332533,"mean_rewards":-139.70866554469768}