{"mean_rewards":-90.2142929841688,"_timestamp":1.7325516743137665e+09,"_runtime":87.241687341,"_step":1999,"episode":1999,"loss":-1.6406729221343994,"_wandb":{"runtime":87},"episode reward":-79.02788928143704}