{"epsilon":0.08116195258881968,"_timestamp":1.7324724997941582e+09,"mean_rewards":74.70430693713861,"_runtime":492.287277381,"episode reward":-30.136196867354215,"episode":500,"_step":500,"loss":12.875060081481934,"_wandb":{"runtime":492}}