{"mean_rewards":201.6626278278896,"_step":433,"loss":15.183345794677734,"episode reward":215.06464933225527,"_wandb":{"runtime":998},"_runtime":998.318796231,"episode":433,"epsilon":0.01,"_timestamp":1.7325384249951491e+09}