{"loss":NaN,"_step":500,"epsilon":0.08198177029173696,"_runtime":149.639927332,"episode":500,"mean_rewards":139.70790522676072,"_wandb":{"runtime":149},"_timestamp":1.732394659383635e+09,"episode reward":183.18942969334813}