{"_timestamp":1.7324600678796813e+09,"_wandb":{"runtime":69},"_runtime":69.718883818,"_step":890,"episode":890,"loss":-31.1844482421875,"episode reward":-18.72472520798108,"mean_rewards":9.575542121260167}