{"mean_rewards":203.10682258410722,"episode reward":279.5336954407703,"_step":350,"_timestamp":1.7320564474158552e+09,"epsilon":0.01,"_wandb":{"runtime":1214},"loss":NaN,"episode":350,"_runtime":1214.600797298}