{"episode":1999,"loss":7.529577732086182,"_wandb":{"runtime":99},"episode reward":63.8365152651391,"mean_rewards":69.23525107285606,"_timestamp":1.7325480834504256e+09,"_runtime":99.073315535,"_step":1999}