{"episode":500,"_step":500,"_timestamp":1.7324740746180956e+09,"_wandb":{"runtime":710},"loss":7.179727554321289,"_runtime":710.705059434,"mean_rewards":4.018778338907632,"epsilon":0.01,"episode reward":152.19106772381116}