{"_timestamp":1.7324496547302165e+09,"_step":900,"episode":900,"loss":1.47576904296875,"_wandb":{"runtime":540},"epsilon":0.01,"episode reward":-278.6506830725396,"_runtime":540.26871441,"mean_rewards":-129.17762469205132}