{"_step":498,"episode":498,"episode reward":264.69386951812464,"loss":11.032811164855957,"_wandb":{"runtime":1023},"_runtime":1023.876355076,"epsilon":0.08197970009729015,"_timestamp":1.7325325466836581e+09,"mean_rewards":201.5373564473719}