{"_timestamp":1.7326518629648464e+09,"_runtime":377.303818913,"_step":3296,"episode":3296,"_wandb":{"runtime":377},"episode reward":126.81858461827755,"mean_rewards":128.8660296779264,"loss":21.264305114746094}